txn_id,customer_id,category,amount,currency,status,order_date
SAMPLE-001,C_1001,Electronics,12500,INR,COMPLETED,2026-01-05
SAMPLE-002,C_1002,Clothing,3200,INR,COMPLETED,2026-01-12
SAMPLE-003,C_1003,Home & Kitchen,7800,INR,PENDING,2026-01-18
SAMPLE-004,C_1001,Books,950,INR,COMPLETED,2026-02-02
SAMPLE-005,C_1004,Electronics,18900,INR,COMPLETED,2026-02-09
SAMPLE-006,C_1005,Clothing,4100,INR,CANCELLED,2026-02-15
SAMPLE-007,C_1002,Home & Kitchen,6700,INR,COMPLETED,2026-03-01
SAMPLE-008,C_1006,Books,1450,INR,COMPLETED,2026-03-11
SAMPLE-009,C_1007,Electronics,22300,INR,PENDING,2026-03-22
SAMPLE-010,C_1003,Clothing,2800,INR,COMPLETED,2026-04-04
SAMPLE-011,C_1008,Home & Kitchen,9100,INR,COMPLETED,2026-04-14
SAMPLE-012,C_1004,Books,1200,INR,COMPLETED,2026-04-21
